{
	"info": {
		"_postman_id": "0584bd21-90d5-4c50-9877-daaae9a6735f",
		"name": "Paper-X_API",
		"schema": "https://schema.getpostman.com/json/collection/v2.1.0/collection.json",
		"_exporter_id": "14341527"
	},
	"item": [
		{
			"name": "Helpers API",
			"item": [
				{
					"name": "/helper/schools",
					"request": {
						"method": "GET",
						"header": [],
						"url": {
							"raw": "{{url}}/helper/schools",
							"host": [
								"{{url}}"
							],
							"path": [
								"helper",
								"schools"
							],
							"query": [
								{
									"key": "name",
									"value": "scho",
									"disabled": true
								}
							]
						}
					},
					"response": []
				},
				{
					"name": "/helper/departments",
					"request": {
						"method": "GET",
						"header": [],
						"url": {
							"raw": "{{url}}/helper/departments",
							"host": [
								"{{url}}"
							],
							"path": [
								"helper",
								"departments"
							],
							"query": [
								{
									"key": "name",
									"value": "depa",
									"disabled": true
								}
							]
						}
					},
					"response": []
				},
				{
					"name": "/helper/courses",
					"request": {
						"method": "GET",
						"header": [],
						"url": {
							"raw": "{{url}}/helper/courses",
							"host": [
								"{{url}}"
							],
							"path": [
								"helper",
								"courses"
							],
							"query": [
								{
									"key": "name",
									"value": "cour",
									"disabled": true
								}
							]
						}
					},
					"response": []
				},
				{
					"name": "/helper/students",
					"request": {
						"method": "GET",
						"header": [],
						"url": {
							"raw": "{{url}}/helper/students",
							"host": [
								"{{url}}"
							],
							"path": [
								"helper",
								"students"
							],
							"query": [
								{
									"key": "name",
									"value": "öğre",
									"disabled": true
								}
							]
						}
					},
					"response": []
				},
				{
					"name": "/helper/teachers",
					"request": {
						"method": "GET",
						"header": [],
						"url": {
							"raw": "{{url}}/helper/teachers",
							"host": [
								"{{url}}"
							],
							"path": [
								"helper",
								"teachers"
							],
							"query": [
								{
									"key": "name",
									"value": "öğret",
									"disabled": true
								}
							]
						}
					},
					"response": []
				},
				{
					"name": "/helper/grades",
					"request": {
						"method": "GET",
						"header": [],
						"url": {
							"raw": "{{url}}/helper/grades",
							"host": [
								"{{url}}"
							],
							"path": [
								"helper",
								"grades"
							],
							"query": [
								{
									"key": "name",
									"value": "exa",
									"disabled": true
								}
							]
						}
					},
					"response": []
				},
				{
					"name": "/helper/homeworks",
					"request": {
						"method": "GET",
						"header": [],
						"url": {
							"raw": "{{url}}/helper/homeworks",
							"host": [
								"{{url}}"
							],
							"path": [
								"helper",
								"homeworks"
							],
							"query": [
								{
									"key": "name",
									"value": "exa",
									"disabled": true
								}
							]
						}
					},
					"response": []
				}
			]
		},
		{
			"name": "Navigation API",
			"item": [
				{
					"name": "/menu-tree",
					"protocolProfileBehavior": {
						"disableBodyPruning": true
					},
					"request": {
						"method": "GET",
						"header": [],
						"body": {
							"mode": "raw",
							"raw": "{}",
							"options": {
								"raw": {
									"language": "json"
								}
							}
						},
						"url": {
							"raw": "{{url}}/menu-tree",
							"host": [
								"{{url}}"
							],
							"path": [
								"menu-tree"
							]
						}
					},
					"response": []
				}
			]
		},
		{
			"name": "User API",
			"item": [
				{
					"name": "/login",
					"request": {
						"method": "POST",
						"header": [],
						"body": {
							"mode": "raw",
							"raw": "{\n    \"unameOrEmail\": \"superUser\",\n    \"password\": \"1q2w3e4r5t6y7u\"\n}",
							"options": {
								"raw": {
									"language": "json"
								}
							}
						},
						"url": {
							"raw": "{{url}}/login",
							"host": [
								"{{url}}"
							],
							"path": [
								"login"
							]
						}
					},
					"response": []
				},
				{
					"name": "/user",
					"request": {
						"method": "POST",
						"header": [],
						"body": {
							"mode": "raw",
							"raw": "{\n    \"username\": \"lsencer\",\n    \"displayName\": \"Parola Değiştirecek Öğrenci 1\",\n    \"email\": \"l.sencer.sahin@gmail.com\",\n    \"password\": \"1q2w3e4r5t6y7u\",\n    \"requirePasswordChange\": true,\n    \"sendInfoMail\": true,\n    \"roles\": [\n        \"student\"\n    ]\n}",
							"options": {
								"raw": {
									"language": "json"
								}
							}
						},
						"url": {
							"raw": "{{url}}/user",
							"host": [
								"{{url}}"
							],
							"path": [
								"user"
							]
						}
					},
					"response": []
				},
				{
					"name": "/user/:id",
					"request": {
						"method": "POST",
						"header": [],
						"body": {
							"mode": "raw",
							"raw": "{\n    \"email\": \"student.rpc1@paper-x.com\"\n}",
							"options": {
								"raw": {
									"language": "json"
								}
							}
						},
						"url": {
							"raw": "{{url}}/user/:id",
							"host": [
								"{{url}}"
							],
							"path": [
								"user",
								":id"
							],
							"variable": [
								{
									"key": "id",
									"value": "63d1915e14cf6ffc625622d5"
								}
							]
						}
					},
					"response": []
				},
				{
					"name": "/whoami",
					"request": {
						"method": "POST",
						"header": [],
						"body": {
							"mode": "raw",
							"raw": "{}",
							"options": {
								"raw": {
									"language": "json"
								}
							}
						},
						"url": {
							"raw": "{{url}}/whoami",
							"host": [
								"{{url}}"
							],
							"path": [
								"whoami"
							]
						}
					},
					"response": []
				},
				{
					"name": "/students",
					"request": {
						"method": "GET",
						"header": [],
						"url": {
							"raw": "{{url}}/students",
							"host": [
								"{{url}}"
							],
							"path": [
								"students"
							],
							"query": [
								{
									"key": "courseIdEq",
									"value": "63bac661c926ef58b894c965",
									"disabled": true
								},
								{
									"key": "courseIdNe",
									"value": "63bac661c926ef58b894c965",
									"disabled": true
								},
								{
									"key": "courseId",
									"value": "63b9ae202749ffcf550dc7e3",
									"disabled": true
								}
							]
						}
					},
					"response": []
				},
				{
					"name": "/student/:id",
					"request": {
						"method": "GET",
						"header": [],
						"url": {
							"raw": "{{url}}/student/:id",
							"host": [
								"{{url}}"
							],
							"path": [
								"student",
								":id"
							],
							"variable": [
								{
									"key": "id",
									"value": "63a5fecdf2debf14704e5861"
								}
							]
						}
					},
					"response": []
				},
				{
					"name": "/user/:id",
					"request": {
						"method": "GET",
						"header": [],
						"url": {
							"raw": "{{url}}/user/:id",
							"host": [
								"{{url}}"
							],
							"path": [
								"user",
								":id"
							],
							"variable": [
								{
									"key": "id",
									"value": "63d17e9e4b158a237d3f456a"
								}
							]
						}
					},
					"response": []
				},
				{
					"name": "/teacher/:id",
					"request": {
						"method": "GET",
						"header": [],
						"url": {
							"raw": "{{url}}/teacher/:id",
							"host": [
								"{{url}}"
							],
							"path": [
								"teacher",
								":id"
							],
							"variable": [
								{
									"key": "id",
									"value": "63a5fecdf2debf14704e585e"
								}
							]
						}
					},
					"response": []
				},
				{
					"name": "/users",
					"request": {
						"method": "GET",
						"header": [],
						"url": {
							"raw": "{{url}}/users?_limit=3&_skip=1&_sortBy=username&_sortValue=-1",
							"host": [
								"{{url}}"
							],
							"path": [
								"users"
							],
							"query": [
								{
									"key": "_limit",
									"value": "3"
								},
								{
									"key": "_skip",
									"value": "1"
								},
								{
									"key": "_sortBy",
									"value": "username"
								},
								{
									"key": "_sortValue",
									"value": "-1"
								}
							]
						}
					},
					"response": []
				},
				{
					"name": "/teachers",
					"request": {
						"method": "GET",
						"header": [],
						"url": {
							"raw": "{{url}}/teachers",
							"host": [
								"{{url}}"
							],
							"path": [
								"teachers"
							]
						}
					},
					"response": []
				},
				{
					"name": "/reset",
					"request": {
						"method": "POST",
						"header": [],
						"body": {
							"mode": "raw",
							"raw": "{\n    \"password\": \"q1w2e3r4t5y6u7\"\n}",
							"options": {
								"raw": {
									"language": "json"
								}
							}
						},
						"url": {
							"raw": "{{url}}/reset",
							"host": [
								"{{url}}"
							],
							"path": [
								"reset"
							]
						}
					},
					"response": []
				}
			]
		},
		{
			"name": "Schedule API",
			"item": [
				{
					"name": "/schedules",
					"request": {
						"method": "GET",
						"header": [],
						"url": {
							"raw": "{{url}}/schedules",
							"host": [
								"{{url}}"
							],
							"path": [
								"schedules"
							],
							"query": [
								{
									"key": "type",
									"value": "course",
									"disabled": true
								},
								{
									"key": "startDate",
									"value": "2022-12-18",
									"disabled": true
								},
								{
									"key": "endDate",
									"value": "2022-12-26",
									"disabled": true
								}
							]
						}
					},
					"response": []
				}
			]
		},
		{
			"name": "Course API",
			"item": [
				{
					"name": "/course/:id",
					"request": {
						"method": "PUT",
						"header": [],
						"body": {
							"mode": "raw",
							"raw": "{\n    \"videos\": [],\n    \"schoolName\": \"School 1\"\n}",
							"options": {
								"raw": {
									"language": "json"
								}
							}
						},
						"url": {
							"raw": "{{url}}/course/:id",
							"host": [
								"{{url}}"
							],
							"path": [
								"course",
								":id"
							],
							"variable": [
								{
									"key": "id",
									"value": "63a60a6af2debf14704e5862"
								}
							]
						}
					},
					"response": []
				},
				{
					"name": "/course/:id (form-data)",
					"request": {
						"method": "POST",
						"header": [],
						"body": {
							"mode": "formdata",
							"formdata": [
								{
									"key": "printeds",
									"type": "file",
									"src": "/Users/buglss/Desktop/sample.png"
								},
								{
									"key": "videos",
									"type": "file",
									"src": "/Users/buglss/Downloads/file_example_MP4_480_1_5MG.mp4",
									"disabled": true
								},
								{
									"key": "schoolName",
									"value": "Sample School",
									"type": "text"
								}
							]
						},
						"url": {
							"raw": "{{url}}/course/:id",
							"host": [
								"{{url}}"
							],
							"path": [
								"course",
								":id"
							],
							"variable": [
								{
									"key": "id",
									"value": "63b9ae202749ffcf550dc7e3"
								}
							]
						}
					},
					"response": []
				},
				{
					"name": "/course (form-data)",
					"request": {
						"method": "POST",
						"header": [],
						"body": {
							"mode": "formdata",
							"formdata": [
								{
									"key": "schoolName",
									"value": "Sample School",
									"type": "text"
								},
								{
									"key": "departmentName",
									"value": "Sample Department",
									"type": "text"
								},
								{
									"key": "name",
									"value": "Sample Course",
									"type": "text"
								}
							]
						},
						"url": {
							"raw": "{{url}}/course",
							"host": [
								"{{url}}"
							],
							"path": [
								"course"
							]
						}
					},
					"response": []
				},
				{
					"name": "/course/:id (json)",
					"request": {
						"method": "POST",
						"header": [],
						"body": {
							"mode": "raw",
							"raw": "{\n    \"assignedTAs\": [\n        {\n            \"id\": \"63bac68ec926ef58b894c969\",\n            \"username\": \"student2\"\n        }\n    ]\n}",
							"options": {
								"raw": {
									"language": "json"
								}
							}
						},
						"url": {
							"raw": "{{url}}/course/:id",
							"host": [
								"{{url}}"
							],
							"path": [
								"course",
								":id"
							],
							"variable": [
								{
									"key": "id",
									"value": "63d6e80f0ef65581a9707435"
								}
							]
						}
					},
					"response": []
				},
				{
					"name": "/course (json)",
					"request": {
						"method": "POST",
						"header": [],
						"body": {
							"mode": "raw",
							"raw": "{\n    \"schoolName\": \"School 1\",\n    \"departmentName\": \"Department 1\",\n    \"name\": \"Course 1\",\n    \"startDate\": \"2022-12-18\",\n    \"endDate\": \"2022-12-30\",\n    \"startTime\": \"10:00\",\n    \"endTime\": \"16:00\"\n}",
							"options": {
								"raw": {
									"language": "json"
								}
							}
						},
						"url": {
							"raw": "{{url}}/course",
							"host": [
								"{{url}}"
							],
							"path": [
								"course"
							]
						}
					},
					"response": []
				},
				{
					"name": "/courses",
					"request": {
						"method": "GET",
						"header": [],
						"url": {
							"raw": "{{url}}/courses?_project=exams",
							"host": [
								"{{url}}"
							],
							"path": [
								"courses"
							],
							"query": [
								{
									"key": "_project",
									"value": "exams"
								}
							]
						}
					},
					"response": []
				},
				{
					"name": "/course/:id",
					"request": {
						"method": "GET",
						"header": [],
						"url": {
							"raw": "{{url}}/course/:id",
							"host": [
								"{{url}}"
							],
							"path": [
								"course",
								":id"
							],
							"variable": [
								{
									"key": "id",
									"value": "63bac661c926ef58b894c965"
								}
							]
						}
					},
					"response": []
				}
			]
		},
		{
			"name": "Course Assign API",
			"item": [
				{
					"name": "/course-assign",
					"request": {
						"method": "POST",
						"header": [],
						"body": {
							"mode": "raw",
							"raw": "{\n    \"course\": \"63bac661c926ef58b894c965\",\n    \"assignedTAs\": [\n        {\n            \"id\": \"63b5f3c6ca467816d7f962a1\",\n            \"username\": \"student\"\n        }\n    ]\n}",
							"options": {
								"raw": {
									"language": "json"
								}
							}
						},
						"url": {
							"raw": "{{url}}/course-assign",
							"host": [
								"{{url}}"
							],
							"path": [
								"course-assign"
							]
						}
					},
					"response": []
				},
				{
					"name": "/course-assign",
					"request": {
						"method": "PUT",
						"header": [],
						"body": {
							"mode": "raw",
							"raw": "{\n    \"course\": \"63bac661c926ef58b894c965\",\n    \"assignedTAs\": [\n        {\n            \"id\": \"63b5f3c6ca467816d7f962a1\",\n            \"username\": \"student\"\n        }\n    ]\n}",
							"options": {
								"raw": {
									"language": "json"
								}
							}
						},
						"url": {
							"raw": "{{url}}/course-assign",
							"host": [
								"{{url}}"
							],
							"path": [
								"course-assign"
							]
						}
					},
					"response": []
				}
			]
		},
		{
			"name": "Course Uploads API",
			"item": [
				{
					"name": "/course-uploads",
					"request": {
						"method": "POST",
						"header": [],
						"body": {
							"mode": "formdata",
							"formdata": [
								{
									"key": "videos",
									"type": "file",
									"src": "/Users/buglss/Downloads/file_example_MP4_480_1_5MG.mp4"
								},
								{
									"key": "printeds",
									"type": "file",
									"src": "/Users/buglss/Downloads/sample.pdf",
									"disabled": true
								},
								{
									"key": "course",
									"value": "63bac661c926ef58b894c965",
									"type": "text"
								}
							]
						},
						"url": {
							"raw": "{{url}}/course-uploads",
							"host": [
								"{{url}}"
							],
							"path": [
								"course-uploads"
							]
						}
					},
					"response": []
				},
				{
					"name": "/course-uploads",
					"request": {
						"method": "PUT",
						"header": [],
						"body": {
							"mode": "raw",
							"raw": "{\n    \"course\": \"63bac661c926ef58b894c965\",\n    \"videos\": [\n        {\n            \"id\": \"ca27d9cd80f8c22e0\",\n            \"name\": \"Courses-videos-ca27d9cd80f8c22e0\",\n            \"originalName\": \"file_example_MP4_480_1_5MG.mp4\",\n            \"path\": \"./projects/api/uploads/Courses/file_example_MP4_480_1_5MG.mp4\",\n            \"encoding\": \"7bit\",\n            \"mimeType\": \"video/mp4\",\n            \"size\": 1570024,\n            \"sizeType\": \"bayt\",\n            \"duration\": 30.033333,\n            \"durationType\": \"seconds\"\n        }\n    ],\n    \"printeds\": [\n        {\n            \"id\": \"ca27d9cd80f8c22e1\",\n            \"name\": \"Courses-printeds-ca27d9cd80f8c22e1\",\n            \"originalName\": \"sample.pdf\",\n            \"path\": \"./projects/api/uploads/Courses/sample.pdf\",\n            \"encoding\": \"7bit\",\n            \"mimeType\": \"application/pdf\",\n            \"size\": 3028,\n            \"sizeType\": \"bayt\",\n            \"duration\": -1,\n            \"durationType\": \"seconds\"\n        }\n    ]\n}",
							"options": {
								"raw": {
									"language": "json"
								}
							}
						},
						"url": {
							"raw": "{{url}}/course-uploads",
							"host": [
								"{{url}}"
							],
							"path": [
								"course-uploads"
							]
						}
					},
					"response": []
				},
				{
					"name": "/course-uploads/:id",
					"request": {
						"method": "PUT",
						"header": [],
						"body": {
							"mode": "raw",
							"raw": "{\n    \"course\": \"63bac661c926ef58b894c965\",\n    \"videoWatchDuration\": 15\n}",
							"options": {
								"raw": {
									"language": "json"
								}
							}
						},
						"url": {
							"raw": "{{url}}/course-uploads/:id",
							"host": [
								"{{url}}"
							],
							"path": [
								"course-uploads",
								":id"
							],
							"variable": [
								{
									"key": "id",
									"value": "15622d08d6b655050"
								}
							]
						}
					},
					"response": []
				}
			]
		},
		{
			"name": "Exam API",
			"item": [
				{
					"name": "/exam/:id",
					"request": {
						"method": "PUT",
						"header": [],
						"body": {
							"mode": "raw",
							"raw": "{\n    \"outlines\": [\n        {\n            \"title\": \"qasxcL1\",\n            \"point\": 55,\n            \"childs\": [\n                {\n                    \"title\": \"q1.1\",\n                    \"point\": 30\n                }\n            ]\n        }\n    ]\n}",
							"options": {
								"raw": {
									"language": "json"
								}
							}
						},
						"url": {
							"raw": "{{url}}/exam/:id",
							"host": [
								"{{url}}"
							],
							"path": [
								"exam",
								":id"
							],
							"variable": [
								{
									"key": "id",
									"value": "63ea04942749ffcf550dc860"
								}
							]
						}
					},
					"response": []
				},
				{
					"name": "/exam/:id (form-data)",
					"request": {
						"method": "POST",
						"header": [],
						"body": {
							"mode": "formdata",
							"formdata": [
								{
									"key": "files",
									"type": "file",
									"src": "/Users/buglss/Desktop/sample.png",
									"disabled": true
								},
								{
									"key": "submissions",
									"type": "file",
									"src": "/Users/buglss/Desktop/sample.png"
								}
							]
						},
						"url": {
							"raw": "{{url}}/exam/:id",
							"host": [
								"{{url}}"
							],
							"path": [
								"exam",
								":id"
							],
							"variable": [
								{
									"key": "id",
									"value": "63b9ebaf1d0ed3f5328e9dbd"
								}
							]
						}
					},
					"response": []
				},
				{
					"name": "/exam (form-data)",
					"request": {
						"method": "POST",
						"header": [],
						"body": {
							"mode": "formdata",
							"formdata": [
								{
									"key": "name",
									"value": "Homework 1",
									"type": "text"
								},
								{
									"key": "files",
									"type": "file",
									"src": "/Users/buglss/Desktop/sample.png"
								},
								{
									"key": "uploadSubmissions",
									"value": "student",
									"type": "text"
								},
								{
									"key": "startDate",
									"value": "2023-01-15",
									"type": "text"
								},
								{
									"key": "endDate",
									"value": "2023-02-15",
									"type": "text"
								},
								{
									"key": "startTime",
									"value": "08:00",
									"type": "text"
								},
								{
									"key": "endTime",
									"value": "16:00",
									"type": "text"
								},
								{
									"key": "course",
									"value": "63bac661c926ef58b894c965",
									"type": "text"
								},
								{
									"key": "submissionType",
									"value": "variable",
									"type": "text"
								}
							]
						},
						"url": {
							"raw": "{{url}}/exam",
							"host": [
								"{{url}}"
							],
							"path": [
								"exam"
							]
						}
					},
					"response": []
				},
				{
					"name": "/exam/:id (json)",
					"request": {
						"method": "POST",
						"header": [],
						"body": {
							"mode": "raw",
							"raw": "{\n    \"shareStudents\": true\n}",
							"options": {
								"raw": {
									"language": "json"
								}
							}
						},
						"url": {
							"raw": "{{url}}/exam/:id",
							"host": [
								"{{url}}"
							],
							"path": [
								"exam",
								":id"
							],
							"variable": [
								{
									"key": "id",
									"value": "63b9ebaf1d0ed3f5328e9dbd"
								}
							]
						}
					},
					"response": []
				},
				{
					"name": "/exams",
					"request": {
						"method": "GET",
						"header": [],
						"url": {
							"raw": "{{url}}/exams?_project=shareStudents,name",
							"host": [
								"{{url}}"
							],
							"path": [
								"exams"
							],
							"query": [
								{
									"key": "_project",
									"value": "shareStudents,name"
								}
							]
						}
					},
					"response": []
				},
				{
					"name": "/exam/:id",
					"request": {
						"method": "GET",
						"header": [],
						"url": {
							"raw": "{{url}}/exam/:id",
							"host": [
								"{{url}}"
							],
							"path": [
								"exam",
								":id"
							],
							"variable": [
								{
									"key": "id",
									"value": "63cb9e4ab93737c97ef217ab"
								}
							]
						}
					},
					"response": []
				}
			]
		},
		{
			"name": "Homework API",
			"item": [
				{
					"name": "/homework/:id",
					"request": {
						"method": "PUT",
						"header": [],
						"body": {
							"mode": "raw",
							"raw": "{\n    \"status\": \"completed\"\n}",
							"options": {
								"raw": {
									"language": "json"
								}
							}
						},
						"url": {
							"raw": "{{url}}/homework/:id",
							"host": [
								"{{url}}"
							],
							"path": [
								"homework",
								":id"
							],
							"variable": [
								{
									"key": "id",
									"value": "63b9ebaf1d0ed3f5328e9dbd"
								}
							]
						}
					},
					"response": []
				},
				{
					"name": "/homework/:id (form-data)",
					"request": {
						"method": "POST",
						"header": [],
						"body": {
							"mode": "formdata",
							"formdata": [
								{
									"key": "files",
									"type": "file",
									"src": "/Users/buglss/Desktop/sample.png",
									"disabled": true
								},
								{
									"key": "submissions",
									"type": "file",
									"src": "/Users/buglss/Desktop/sample.png"
								}
							]
						},
						"url": {
							"raw": "{{url}}/homework/:id",
							"host": [
								"{{url}}"
							],
							"path": [
								"homework",
								":id"
							],
							"variable": [
								{
									"key": "id",
									"value": "63b9ebaf1d0ed3f5328e9dbd"
								}
							]
						}
					},
					"response": []
				},
				{
					"name": "/homework (form-data)",
					"request": {
						"method": "POST",
						"header": [],
						"body": {
							"mode": "formdata",
							"formdata": [
								{
									"key": "name",
									"value": "Homework 2",
									"type": "text"
								},
								{
									"key": "files",
									"type": "file",
									"src": [
										"/Users/buglss/Desktop/Ekran Resmi 2023-01-11 21.57.54.png",
										"/Users/buglss/Desktop/sample.png"
									]
								},
								{
									"key": "uploadSubmissions",
									"value": "student",
									"type": "text"
								},
								{
									"key": "startDate",
									"value": "2023-01-15",
									"type": "text"
								},
								{
									"key": "endDate",
									"value": "2023-02-15",
									"type": "text"
								},
								{
									"key": "startTime",
									"value": "08:00",
									"type": "text"
								},
								{
									"key": "endTime",
									"value": "16:00",
									"type": "text"
								},
								{
									"key": "course",
									"value": "63b9ae202749ffcf550dc7e5",
									"type": "text"
								},
								{
									"key": "submissionType",
									"value": "variable",
									"type": "text"
								}
							]
						},
						"url": {
							"raw": "{{url}}/homework",
							"host": [
								"{{url}}"
							],
							"path": [
								"homework"
							]
						}
					},
					"response": []
				},
				{
					"name": "/homework/:id (json)",
					"request": {
						"method": "POST",
						"header": [],
						"body": {
							"mode": "raw",
							"raw": "{\n    \"isPublished\": true\n}",
							"options": {
								"raw": {
									"language": "json"
								}
							}
						},
						"url": {
							"raw": "{{url}}/homework/:id",
							"host": [
								"{{url}}"
							],
							"path": [
								"homework",
								":id"
							],
							"variable": [
								{
									"key": "id",
									"value": "63cb9e4ab93737c97ef217ab"
								}
							]
						}
					},
					"response": []
				},
				{
					"name": "/homeworks",
					"request": {
						"method": "GET",
						"header": [],
						"url": {
							"raw": "{{url}}/homeworks?_project=submissions,name,startDate,endDate,isPublished",
							"host": [
								"{{url}}"
							],
							"path": [
								"homeworks"
							],
							"query": [
								{
									"key": "_project",
									"value": "submissions,name,startDate,endDate,isPublished"
								}
							]
						}
					},
					"response": []
				},
				{
					"name": "/homework/:id",
					"request": {
						"method": "GET",
						"header": [],
						"url": {
							"raw": "{{url}}/homework/:id",
							"host": [
								"{{url}}"
							],
							"path": [
								"homework",
								":id"
							],
							"variable": [
								{
									"key": "id",
									"value": "63b9ebaf1d0ed3f5328e9dbd"
								}
							]
						}
					},
					"response": []
				}
			]
		},
		{
			"name": "Quiz API",
			"item": [
				{
					"name": "/quiz/:id",
					"request": {
						"method": "PUT",
						"header": [],
						"body": {
							"mode": "raw",
							"raw": "{\n    \"status\": \"completed\"\n}",
							"options": {
								"raw": {
									"language": "json"
								}
							}
						},
						"url": {
							"raw": "{{url}}/quiz/:id",
							"host": [
								"{{url}}"
							],
							"path": [
								"quiz",
								":id"
							],
							"variable": [
								{
									"key": "id",
									"value": "63b9ebaf1d0ed3f5328e9dbd"
								}
							]
						}
					},
					"response": []
				},
				{
					"name": "/quiz/:id (form-data)",
					"request": {
						"method": "POST",
						"header": [],
						"body": {
							"mode": "formdata",
							"formdata": [
								{
									"key": "files",
									"type": "file",
									"src": "/Users/buglss/Desktop/sample.png",
									"disabled": true
								},
								{
									"key": "submissions",
									"type": "file",
									"src": "/Users/buglss/Desktop/sample.png"
								}
							]
						},
						"url": {
							"raw": "{{url}}/quiz/:id",
							"host": [
								"{{url}}"
							],
							"path": [
								"quiz",
								":id"
							],
							"variable": [
								{
									"key": "id",
									"value": "63b9ebaf1d0ed3f5328e9dbd"
								}
							]
						}
					},
					"response": []
				},
				{
					"name": "/quiz (form-data)",
					"request": {
						"method": "POST",
						"header": [],
						"body": {
							"mode": "formdata",
							"formdata": [
								{
									"key": "name",
									"value": "Quiz 4",
									"type": "text"
								},
								{
									"key": "files",
									"type": "file",
									"src": "/Users/buglss/Desktop/sample.png"
								},
								{
									"key": "uploadSubmissions",
									"value": "student",
									"type": "text"
								},
								{
									"key": "startDate",
									"value": "2023-01-15",
									"type": "text"
								},
								{
									"key": "endDate",
									"value": "2023-02-15",
									"type": "text"
								},
								{
									"key": "startTime",
									"value": "08:00",
									"type": "text"
								},
								{
									"key": "endTime",
									"value": "16:00",
									"type": "text"
								},
								{
									"key": "course",
									"value": "63bac661c926ef58b894c965",
									"type": "text"
								},
								{
									"key": "submissionType",
									"value": "variable",
									"type": "text"
								},
								{
									"key": "isEnabledGroupSubmission",
									"value": "true",
									"type": "text"
								}
							]
						},
						"url": {
							"raw": "{{url}}/quiz",
							"host": [
								"{{url}}"
							],
							"path": [
								"quiz"
							]
						}
					},
					"response": []
				},
				{
					"name": "/quiz/:id (json)",
					"request": {
						"method": "POST",
						"header": [],
						"body": {
							"mode": "raw",
							"raw": "{\n    \"outlines\": [\n        {\n            \"title\": \"q1\",\n            \"point\": 10,\n            \"childs\": [\n                {\n                    \"title\": \"q1.1\",\n                    \"point\": 20\n                }\n            ]\n        }\n    ]\n}",
							"options": {
								"raw": {
									"language": "json"
								}
							}
						},
						"url": {
							"raw": "{{url}}/quiz/:id",
							"host": [
								"{{url}}"
							],
							"path": [
								"quiz",
								":id"
							],
							"variable": [
								{
									"key": "id",
									"value": "63b9ebaf1d0ed3f5328e9dbd"
								}
							]
						}
					},
					"response": []
				},
				{
					"name": "/quizzes",
					"request": {
						"method": "GET",
						"header": [],
						"url": {
							"raw": "{{url}}/quizzes?_project=submissions,name,startDate,endDate,groupSubmissionLimit,isEnabledGroupSubmission",
							"host": [
								"{{url}}"
							],
							"path": [
								"quizzes"
							],
							"query": [
								{
									"key": "_project",
									"value": "submissions,name,startDate,endDate,groupSubmissionLimit,isEnabledGroupSubmission"
								}
							]
						}
					},
					"response": []
				},
				{
					"name": "/quiz/:id",
					"request": {
						"method": "GET",
						"header": [],
						"url": {
							"raw": "{{url}}/quiz/:id",
							"host": [
								"{{url}}"
							],
							"path": [
								"quiz",
								":id"
							],
							"variable": [
								{
									"key": "id",
									"value": "63b9ebaf1d0ed3f5328e9dbd"
								}
							]
						}
					},
					"response": []
				}
			]
		},
		{
			"name": "Examine API",
			"item": [
				{
					"name": "/examine/:id",
					"request": {
						"method": "PUT",
						"header": [],
						"body": {
							"mode": "raw",
							"raw": "{\n    \"status\": \"completed\"\n}",
							"options": {
								"raw": {
									"language": "json"
								}
							}
						},
						"url": {
							"raw": "{{url}}/examine/:id",
							"host": [
								"{{url}}"
							],
							"path": [
								"examine",
								":id"
							],
							"variable": [
								{
									"key": "id",
									"value": "63bf0c10715f963a0f49bd02"
								}
							]
						}
					},
					"response": []
				},
				{
					"name": "/examine/:id (form-data)",
					"request": {
						"method": "POST",
						"header": [],
						"body": {
							"mode": "formdata",
							"formdata": [
								{
									"key": "files",
									"type": "file",
									"src": "/Users/buglss/Desktop/sample.png",
									"disabled": true
								},
								{
									"key": "submissions",
									"type": "file",
									"src": "/Users/buglss/Desktop/sample.png"
								}
							]
						},
						"url": {
							"raw": "{{url}}/examine/:id",
							"host": [
								"{{url}}"
							],
							"path": [
								"examine",
								":id"
							],
							"variable": [
								{
									"key": "id",
									"value": "63bf0c10715f963a0f49bd02"
								}
							]
						}
					},
					"response": []
				},
				{
					"name": "/examine (form-data)",
					"request": {
						"method": "POST",
						"header": [],
						"body": {
							"mode": "formdata",
							"formdata": [
								{
									"key": "name",
									"value": "Homework 2",
									"type": "text"
								},
								{
									"key": "files",
									"type": "file",
									"src": "/Users/buglss/Desktop/sample.png"
								},
								{
									"key": "uploadSubmissions",
									"value": "student",
									"type": "text"
								},
								{
									"key": "startDate",
									"value": "2023-01-15",
									"type": "text"
								},
								{
									"key": "endDate",
									"value": "2023-02-15",
									"type": "text"
								},
								{
									"key": "startTime",
									"value": "08:00",
									"type": "text"
								},
								{
									"key": "endTime",
									"value": "16:00",
									"type": "text"
								},
								{
									"key": "course",
									"value": "63d6e2e478598e8a6135e13a",
									"type": "text"
								},
								{
									"key": "submissionType",
									"value": "variable",
									"type": "text"
								},
								{
									"key": "type",
									"value": "homework",
									"type": "text"
								},
								{
									"key": "subType",
									"value": "Blackboard",
									"type": "text"
								}
							]
						},
						"url": {
							"raw": "{{url}}/examine",
							"host": [
								"{{url}}"
							],
							"path": [
								"examine"
							]
						}
					},
					"response": []
				},
				{
					"name": "/examine/:id (json)",
					"request": {
						"method": "POST",
						"header": [],
						"body": {
							"mode": "raw",
							"raw": "{\n    \"outlines\": [\n        {\n            \"title\": \"q1\",\n            \"point\": 10,\n            \"childs\": [\n                {\n                    \"title\": \"q1.1\",\n                    \"point\": 20\n                }\n            ]\n        }\n    ]\n}",
							"options": {
								"raw": {
									"language": "json"
								}
							}
						},
						"url": {
							"raw": "{{url}}/examine/:id",
							"host": [
								"{{url}}"
							],
							"path": [
								"examine",
								":id"
							],
							"variable": [
								{
									"key": "id",
									"value": "63b9ebaf1d0ed3f5328e9dbd"
								}
							]
						}
					},
					"response": []
				},
				{
					"name": "/examines",
					"request": {
						"method": "GET",
						"header": [],
						"url": {
							"raw": "{{url}}/examines?_project=name,startDate,endDate,type,outlines",
							"host": [
								"{{url}}"
							],
							"path": [
								"examines"
							],
							"query": [
								{
									"key": "_project",
									"value": "name,startDate,endDate,type,outlines"
								}
							]
						}
					},
					"response": []
				},
				{
					"name": "/examine/:id",
					"request": {
						"method": "GET",
						"header": [],
						"url": {
							"raw": "{{url}}/examine/:id?_project=status",
							"host": [
								"{{url}}"
							],
							"path": [
								"examine",
								":id"
							],
							"query": [
								{
									"key": "_project",
									"value": "status"
								}
							],
							"variable": [
								{
									"key": "id",
									"value": "63bf0c10715f963a0f49bd02"
								}
							]
						}
					},
					"response": []
				}
			]
		},
		{
			"name": "Submissions API",
			"item": [
				{
					"name": "/submission (form-data)",
					"request": {
						"method": "POST",
						"header": [],
						"body": {
							"mode": "formdata",
							"formdata": [
								{
									"key": "submissions",
									"type": "file",
									"src": "/Users/buglss/Desktop/sample.png"
								},
								{
									"key": "exam",
									"value": "63b9ebaf1d0ed3f5328e9dbd",
									"type": "text"
								},
								{
									"key": "outlineTitles",
									"value": "[\"q1/q1.1\", \"q2/q2.1\"]",
									"type": "text"
								},
								{
									"key": "passive",
									"value": "true",
									"type": "text",
									"disabled": true
								}
							]
						},
						"url": {
							"raw": "{{url}}/submission",
							"host": [
								"{{url}}"
							],
							"path": [
								"submission"
							]
						}
					},
					"response": []
				},
				{
					"name": "/submission-answer (form-data)",
					"request": {
						"method": "POST",
						"header": [],
						"body": {
							"mode": "formdata",
							"formdata": [
								{
									"key": "answers",
									"type": "file",
									"src": [
										"/Users/buglss/Desktop/Ekran Resmi 2023-01-25 22.34.56.png",
										"/Users/buglss/Desktop/Ekran Resmi 2023-01-25 23.19.50.png"
									]
								},
								{
									"key": "submissionId",
									"value": "2f0f17c612ac89370",
									"type": "text"
								}
							]
						},
						"url": {
							"raw": "{{url}}/submission-answer/:id",
							"host": [
								"{{url}}"
							],
							"path": [
								"submission-answer",
								":id"
							],
							"variable": [
								{
									"key": "id",
									"value": "63dd5d399363590291a9eee2"
								}
							]
						}
					},
					"response": []
				},
				{
					"name": "/submission/:id",
					"request": {
						"method": "PUT",
						"header": [],
						"body": {
							"mode": "raw",
							"raw": "{\n    \"outlines\": [\n        {\n            \"title\": \"q1\",\n            \"point\": 5,\n            \"childs\": [\n                {\n                    \"title\": \"q1.1\",\n                    \"point\": 30\n                }\n            ]\n        }\n    ]\n}",
							"options": {
								"raw": {
									"language": "json"
								}
							}
						},
						"url": {
							"raw": "{{url}}/submission/:id",
							"host": [
								"{{url}}"
							],
							"path": [
								"submission",
								":id"
							],
							"variable": [
								{
									"key": "id",
									"value": "63cb9e4ab93737c97ef217ab"
								}
							]
						}
					},
					"response": []
				},
				{
					"name": "/submission-evaluate",
					"request": {
						"method": "POST",
						"header": [],
						"body": {
							"mode": "raw",
							"raw": "{\n    \"exam\": \"63d6e83a0ef65581a9707436\",\n    \"assigned\": {\n        \"id\": \"63bac693c926ef58b894c96b\",\n        \"username\": \"student4\"\n    },\n    \"outlines\": [\n        {\n            \"title\": \"q1\",\n            \"point\": 15,\n            \"childs\": [\n                {\n                    \"title\": \"q1.1\",\n                    \"point\": 30\n                }\n            ]\n        }\n    ]\n}",
							"options": {
								"raw": {
									"language": "json"
								}
							}
						},
						"url": {
							"raw": "{{url}}/submission-evaluate",
							"host": [
								"{{url}}"
							],
							"path": [
								"submission-evaluate"
							]
						}
					},
					"response": []
				},
				{
					"name": "/submissions",
					"request": {
						"method": "GET",
						"header": [],
						"url": {
							"raw": "{{url}}/submissions?_project=assigned,exam,submissions",
							"host": [
								"{{url}}"
							],
							"path": [
								"submissions"
							],
							"query": [
								{
									"key": "_project",
									"value": "assigned,exam,submissions"
								},
								{
									"key": "examType",
									"value": "homework",
									"disabled": true
								},
								{
									"key": "courseId",
									"value": "63a60a6af2debf14704e5862",
									"disabled": true
								},
								{
									"key": "exam.id",
									"value": "63cb9e4ab93737c97ef217ab",
									"disabled": true
								}
							]
						}
					},
					"response": []
				},
				{
					"name": "/submission/:id",
					"request": {
						"method": "GET",
						"header": [],
						"url": {
							"raw": "{{url}}/submission/:id",
							"host": [
								"{{url}}"
							],
							"path": [
								"submission",
								":id"
							],
							"variable": [
								{
									"key": "id",
									"value": "63cb9e4ab93737c97ef217ab"
								}
							]
						}
					},
					"response": []
				}
			]
		},
		{
			"name": "Grades API",
			"item": [
				{
					"name": "/grade-submissions/:id",
					"request": {
						"method": "GET",
						"header": [],
						"url": {
							"raw": "{{url}}/grade-submissions/:id",
							"host": [
								"{{url}}"
							],
							"path": [
								"grade-submissions",
								":id"
							],
							"variable": [
								{
									"key": "id",
									"value": "63b9ebaf1d0ed3f5328e9dbd"
								}
							]
						}
					},
					"response": []
				},
				{
					"name": "/manage-submissions/:id",
					"request": {
						"method": "GET",
						"header": [],
						"url": {
							"raw": "{{url}}/manage-submissions/:id",
							"host": [
								"{{url}}"
							],
							"path": [
								"manage-submissions",
								":id"
							],
							"variable": [
								{
									"key": "id",
									"value": "63b9ebaf1d0ed3f5328e9dbd"
								}
							]
						}
					},
					"response": []
				},
				{
					"name": "/grade-review/:id",
					"request": {
						"method": "GET",
						"header": [],
						"url": {
							"raw": "{{url}}/grade-review/:id",
							"host": [
								"{{url}}"
							],
							"path": [
								"grade-review",
								":id"
							],
							"variable": [
								{
									"key": "id",
									"value": "63b9ebaf1d0ed3f5328e9dbd"
								}
							]
						}
					},
					"response": []
				},
				{
					"name": "/grades-established/:courseId",
					"request": {
						"method": "GET",
						"header": [],
						"url": {
							"raw": "{{url}}/grades-established/:courseId",
							"host": [
								"{{url}}"
							],
							"path": [
								"grades-established",
								":courseId"
							],
							"variable": [
								{
									"key": "courseId",
									"value": "63bac661c926ef58b894c965"
								}
							]
						}
					},
					"response": []
				},
				{
					"name": "/grades-stats/:courseId",
					"request": {
						"method": "GET",
						"header": [],
						"url": {
							"raw": "{{url}}/grades-stats/:courseId",
							"host": [
								"{{url}}"
							],
							"path": [
								"grades-stats",
								":courseId"
							],
							"variable": [
								{
									"key": "courseId",
									"value": "63bac661c926ef58b894c965"
								}
							]
						}
					},
					"response": []
				},
				{
					"name": "/grades",
					"request": {
						"method": "GET",
						"header": [],
						"url": {
							"raw": "{{url}}/grades?courseId=63bac661c926ef58b894c965",
							"host": [
								"{{url}}"
							],
							"path": [
								"grades"
							],
							"query": [
								{
									"key": "courseId",
									"value": "63bac661c926ef58b894c965"
								}
							]
						}
					},
					"response": []
				}
			]
		},
		{
			"name": "File API",
			"item": [
				{
					"name": "/file/:filename",
					"request": {
						"method": "GET",
						"header": [],
						"url": {
							"raw": "{{url}}/file/:filename",
							"host": [
								"{{url}}"
							],
							"path": [
								"file",
								":filename"
							],
							"variable": [
								{
									"key": "filename",
									"value": "Exams-files-e25bc57582644adc0"
								}
							]
						}
					},
					"response": []
				}
			]
		}
	],
	"event": [
		{
			"listen": "prerequest",
			"script": {
				"type": "text/javascript",
				"exec": [
					""
				]
			}
		},
		{
			"listen": "test",
			"script": {
				"type": "text/javascript",
				"exec": [
					""
				]
			}
		}
	],
	"variable": [
		{
			"key": "url",
			"value": "http://api.paper-x.com"
		}
	]
}